spies\azithromycin,cytopenias,dissection,perennibranch,fluor-spar,Judaea,mastiffs
-4,59.27715242485716,79.0334526202634,85.17415519544596,82.58014512910309,68.61311290731166,68.07772283522051
-3,64.63531784564587,66.9157216781158,81.4840047319547,67.42044628142769,75.63044727789848,70.51603087091253
-2,62.286991119858705,76.86370258210025,65.78061452214392,51.64815960834508,72.24852557763974,79.03157269927569
-1,67.98108237452949,86.96444591049472,71.1668338195432,57.902830017334104,75.00869878493911,80.71967699147328
0,63.746446879877794,82.10517265134649,61.71154183170763,54.77665562406092,77.96560309508763,70.7998185792367
1,64.07648281679606,79.10871131684834,69.64592558385755,60.44787456224104,69.0149663443816,77.16282679477636
2,61.10053334174602,67.20778127594542,78.99112669179634,56.265247500100955,72.20348327006342,77.01545250740514
3,61.908835011370066,64.1083799153736,75.43650710240604,57.042429298405295,79.01924506604094,71.41590740302549
