snowlines\augment,bull-tongue,dissection
-4,82.283785393375,54.59935338613197
-3,81.08787152982966,63.35050319992791
-2,80.62377599896283,80.8837808641651
-1,56.375771322376586,68.45351425253395
0,77.67617534430748,70.85566291949273
1,77.21369186022267,72.28604368410495
2,80.1959184262765,62.362366799701576
3,59.48359670201817,73.93830727004395
