x_effacement,y_effacement,x_snowlines,y_snowlines
-2.457,16.370479171072574,0.04,2.4645858394343314
-4.804,-22.795175339272276,1.743,-0.595005921066678
0.342,-21.245512861720243,2.81,-9.229374323112934
2.87,54.565203040516366,0.526,0.8808442107284906
-8.278,-22.316812845904476,3.416,-4.57747418987582
8.735,27.79960705506945,0.079,-2.232014473818065
