x_mastiffs,y_mastiffs
33.004,-78.28140709401822
34.253,16.259862077112892
35.502,-15.935311283084655
36.751,14.383498019957656
38.0,-14.252475639989889
