azithromycin\caramelisation,effacement,augment
1,91.9611328868302,71.60276215405052
2,77.36879650084401,67.46571034167096
3,85.30318899620701,68.19347873962552
4,87.25496703342439,69.25618968424747
5,66.05170731015565,71.79590592992275
