fluor-spar\dissection,streptothricin,lungers
-6,99.36309365733582,92.64404777408411
-5,94.64722054943967,91.87590212645485
-4,103.89544735377132,90.70076384739752
-3,91.61149085811891,89.35803682234746
-2,91.85021729789048,91.20524301713294
-1,94.90698239876467,95.99026852057366
0,86.21410301122486,87.26572257821022
1,93.29764818611464,98.82505769066591
2,90.22837070658709,88.7623912503061
3,93.12892149940933,88.52158604076837
