x_bull-tongue,y_bull-tongue,x_dissection,y_dissection
7.084,-10.895737842985394,-9.818,91.57
1.655,12.13714487649644,1.637,45.84
-2.213,-18.175892871812003,-2.158,-17.95
-13.603,-1.038707035485647,3.716,-47.439
-3.633,-18.745328935309903,-1.576,11.299
6.778,-13.369371442274009,-5.23,-38.631
-0.577,-21.339731448655247,1.654,238.03
2.564,-1.5718545824664591,-3.405,-6.35
