filibusters\streptothricin,snowlines,mastiffs
8,61.90003111827383,65.54989350184424
9,51.794620915006504,51.43912405367624
10,55.11707734650099,65.79178090933654
11,42.11438361462514,57.18808394076498
