x_biblioclast,y_biblioclast,x_fluor-spar,y_fluor-spar,x_snowlines,y_snowlines,x_rhomboids,y_rhomboids
2.267,-85.818,-7.869,-82.555,-0.982,216.743,-0.234,19.30095376509449
13.269,-22.406,-1.845,26.174,4.23,-139.899,-11.209,1.4162797559002633
4.99,42.886,-3.382,18.569,10.753,337.461,0.71,-2.1553594118502204
0.069,36.853,1.669,-110.208,12.372,44.734,1.31,6.093562099990334
-0.87,27.646,0.194,-16.503,3.213,-192.875,-8.487,3.815560525377236
-0.331,239.988,4.959,-50.895,6.967,164.209,-0.504,-12.498197708114516
-6.218,-77.589,12.704,28.735,-0.036,29.119,-1.075,-10.811704470949183
6.168,-31.298,-1.833,-17.595,1.713,-224.863,-5.236,8.369722296267323
-8.459,-53.316,-5.662,-78.154,1.67,-4.265,4.493,-14.239916394415367
