filibusters\biblioclast,dissection,cytopenias,augment,Judaea,mastiffs,limey
-10,43.18560188366041,47.961083564399644,37.7648273473159,36.55552312958551,33.28506665497709,35.12379784032671
-9,34.84313731391484,52.53105305541294,43.381662785192724,30.60934932422289,22.580860195680284,33.876304025441954
-8,20.377491370072796,51.16165420781994,41.014836100835616,39.34676268405074,29.78633834859486,36.80856019752987
-7,30.051416241479043,49.79029104713017,42.35070372658108,37.28372998598134,28.758966970737582,42.56243912875672
-6,32.7485755882244,47.605764239077786,42.266840163759575,49.82296814218233,36.061289757804865,42.31680686074262
-5,35.468482525834155,44.125513181822896,43.82212127587637,57.03916250698879,30.636558453184353,41.15721050539736
-4,36.65712875406966,42.27176756643105,39.893201002836946,31.686974026950818,39.311738316021994,43.58524484838871
