snowlines\bull-tongue,effacement,mastiffs,spies,Judaea
6,101.64046247079064,70.76737065644437,87.47429935568819,72.25687482076317
7,88.90864224025509,64.89175368378928,80.84701914960512,77.66645688937697
8,92.77212012457424,71.48532896315109,83.28248288291769,75.33237835765716
9,79.57643328475412,69.9046559016831,85.16477089925915,71.96606258944537
10,84.91884072639968,70.4004371161974,84.35483229853865,75.09647641157504
