bull-tongue\streptothricin,dissection,augment,Judaea,rhomboids
-5,60.18241982605548,60.33962387723988,84.24289102436265,80.1952000602802
-4,62.84131058211513,67.04982070167472,65.81860730833512,81.60096772515699
-3,60.681646398238605,61.45752108229958,71.32668970183573,73.69469421020416
-2,62.618371754177886,61.56181553552934,65.5177863663107,85.70309879110852
-1,63.106440132845975,60.054644752386544,81.07474951425512,75.22461665196855
0,57.75116583664631,68.15909355124802,89.18426307071084,75.4393857507267
1,58.606472083496236,63.98933652752792,76.64884677820096,66.77475395613324
2,59.216134934620825,57.61113859156808,79.92093859155872,74.56454874707113
3,65.30586573059628,70.49976000139209,79.63286541468048,68.875506722149
