x_effacement,y_effacement,x_snowlines,y_snowlines
31.155,-14.033717732680486,31.033,-28.889599822075976
32.324,35.42387661589269,32.226,-17.571480051777556
33.493,-5.795449124507954,33.42,-9.638506313681246
34.662,5.426645062538505,34.613,-44.28418955077159
35.831,-2.491865476439795,35.807,35.07975451684934
37.0,-31.361209762724414,37.0,-20.68018732208699
