azithromycin\lungers,perennibranch,dissection
-9,59.33146503883291,44.75738169435992
-8,61.295389215081826,46.7263053835322
-7,56.36678417147819,48.95879985592907
-6,43.24920486216018,48.37358897202167
-5,62.124506122406956,46.9389795809494
-4,45.50824337783416,47.56805109158992
