rhomboids\cytopenias,effacement,snowlines,bull-tongue,caramelisation
4,44.89239944380557,66.43381956871355,49.588524870072405,40.83208061419187
5,50.59812372902879,65.27987208174494,50.080441232013904,41.35748946597815
6,46.02055861943005,52.608740479795394,49.940886420953575,42.4800956961946
7,52.38844522786231,59.01071616255601,44.789622765567536,36.92455943198689
8,45.27252758812064,59.82878121071201,58.46259960322575,40.57290529247674
9,42.613555529742165,57.07696060957201,38.01438378602233,43.94144651848477
