cytopenias\filibusters,biblioclast,fluor-spar,snowlines,rhomboids,caramelisation
-8,42.087471680431975,71.7742436347627,54.56487719367893,75.08963018639311,59.67822308349997
-7,58.17119218260747,69.3813771860646,58.65178465539982,67.9169136757921,69.43807281627666
-6,64.21104883343112,68.54793865177392,63.70482063991162,75.56354436701979,62.77496744018639
-5,65.345028512879,72.7033921204067,70.4903173638298,59.76496756875235,69.43810773275099
-4,67.78131612705408,71.89534268033269,65.61665855277336,73.50113695201964,64.03553469129581
-3,59.250804833787434,69.86631099666441,60.59962954573406,64.794522731727,68.26507580404927
-2,73.9906490463581,73.04114779088287,63.63010957923937,71.00281982993533,78.30413616746567
-1,62.19368225320858,73.5888522014549,60.06567421246808,65.64753197455754,64.40845338822393
