streptothricin\caramelisation,mastiffs,azithromycin,dissection,effacement
-3,81.19368689665193,84.52618587908593,74.73151122566442,89.46541203915214
-2,74.15476543197957,78.888047094778,78.49274864801762,101.27401031809549
-1,88.02325700847098,80.36153199249375,74.20994073761761,89.75117745609882
0,81.00199041026207,81.60112196728195,74.58766588233324,97.20945991002388
1,85.34335380858815,80.40107791241286,75.52446062632075,88.48826544308706
2,87.81615680256515,75.00856041717881,70.47425034608288,94.0064164641529
3,78.08030646660026,79.8781906993696,78.56974678583066,96.17014480704749
