x_perennibranch,y_perennibranch,x_dissection,y_dissection,x_lungers,y_lungers
10.937,11.177311092261853,11.021,31.426627995529607,10.951,-29.47421260818188
12.15,-35.952699563416964,12.217,19.012524329906768,12.161,-117.65155336908909
13.362,7.4203001950539775,13.413,10.33961228501199,13.371,2.2775922528331396
14.575,-7.061435879199244,14.609,5.4390873918146845,14.581,-44.53316371514939
15.787,32.04388912348201,15.804,-72.37857153741096,15.79,8.9380374616538
17.0,-6.653217284853592,17.0,54.28329846863561,17.0,26.866745741798574
