Judaea\azithromycin,limey,augment
-6,89.14307264098966,94.85179100121704
-5,74.9660408022231,92.736943784644
-4,78.94444640859874,94.48015921420351
-3,80.87089027457766,89.76094301841945
-2,80.41165328262628,95.33441275984123
-1,63.78305911633687,95.88310130812376
0,76.51090827091245,93.59842139663208
