streptothricin\spies,mastiffs,fluor-spar,augment,bull-tongue,lungers,filibusters
-3,44.12978977685627,52.65322832519326,61.14296998043041,61.42710017213686,52.07339818102051,52.56164330114103
-2,35.78808666748351,56.15626124683899,52.9130244109,55.55849296617136,61.30762510429379,56.26552078497615
-1,32.522807717501394,46.91926737084442,67.19195358639254,52.89888104482024,64.62701159271529,58.517154769021275
0,40.89294430652383,52.38322288178069,61.41303471855596,68.15793672495603,48.32094943114785,55.57404392161139
1,37.9989252393812,59.781619011464095,73.37655703228667,56.15748194341358,75.07781671393604,47.671289188243136
2,36.77943013808468,56.8214361363521,50.41408090656172,59.96098866956396,68.66321894490376,48.132317383373085
