substitutes\fluor-spar,dissection,augment
0,14.239775287341924,24.998293986348862
1,16.76444683905516,30.3633878233407
2,21.840971124366284,31.27744833336788
3,28.231737880780916,43.10583321482072
4,-0.45328711679542266,42.68619756331013
5,14.931315499960284,17.166938030372524
6,38.83304700601553,22.130105190509713
7,29.950377595798372,46.14217237865853
